INSERT INTO projects (id, title, category, funding_goal, start_date, end_date) VALUES (1, "Cool Project", "Science & Tech", 125000, "April 21, 2020", "December 1, 2020");
INSERT INTO projects (id, title, category, funding_goal, start_date, end_date) VALUES (2, "Skittle Shooter", "Science & Tech", 15000, "March 3, 2020", "November 2, 2020");
INSERT INTO projects (id, title, category, funding_goal, start_date, end_date) VALUES (3, "Sprout", "Games", 150000, "January 1, 2020", "January 1, 2021");
INSERT INTO projects (id, title, category, funding_goal, start_date, end_date) VALUES (4, "Chubi", "Film", 50000, "June 14, 2020", "November 1, 2020");
INSERT INTO projects (id, title, category, funding_goal, start_date, end_date) VALUES (5, "Dungeon Smashers", "Games", 75000, "February 13, 2020", "November 13, 2020");
INSERT INTO projects (id, title, category, funding_goal, start_date, end_date) VALUES (6, "Tapeworm", "Games", 100000, "July 1, 2020", "December 1, 2020");
INSERT INTO projects (id, title, category, funding_goal, start_date, end_date) VALUES (7, "Nature Jacket", "Food & Crafts", 50000, "September 1, 2020", "February 1, 2021");
INSERT INTO projects (id, title, category, funding_goal, start_date, end_date) VALUES (8, "mePhone", "Science & Tech", 150000, "March 1, 2020", "March 1, 2021");
INSERT INTO projects (id, title, category, funding_goal, start_date, end_date) VALUES (9, "Meat Chopper", "Food & Crafts", 45000, "June 14, 2020", "December 14, 2020");
INSERT INTO projects (id, title, category, funding_goal, start_date, end_date) VALUES (10, "Skull Cups", "Art", 5000, "April 14, 2020", "May 24, 2020");

INSERT INTO users (id, name, age) VALUES (1, "Cliff", 25);
INSERT INTO users (id, name, age) VALUES (2, "Jacob", 42);
INSERT INTO users (id, name, age) VALUES (3, "Trevon", 25);
INSERT INTO users (id, name, age) VALUES (4, "Nick", 34);
INSERT INTO users (id, name, age) VALUES (5, "Adrianna", 19);
INSERT INTO users (id, name, age) VALUES (6, "Brandon", 29);
INSERT INTO users (id, name, age) VALUES (7, "Summer", 45);
INSERT INTO users (id, name, age) VALUES (8, "Jennifer", 37);
INSERT INTO users (id, name, age) VALUES (9, "Jason", 21);
INSERT INTO users (id, name, age) VALUES (10, "Hannah", 28);
INSERT INTO users (id, name, age) VALUES (11, "Phillip", 51);
INSERT INTO users (id, name, age) VALUES (12, "Candice", 31);
INSERT INTO users (id, name, age) VALUES (13, "Jamie", 29);
INSERT INTO users (id, name, age) VALUES (14, "Hunter", 43);
INSERT INTO users (id, name, age) VALUES (15, "Kimberly", 23);
INSERT INTO users (id, name, age) VALUES (16, "Steven", 25);
INSERT INTO users (id, name, age) VALUES (17, "George", 43);
INSERT INTO users (id, name, age) VALUES (18, "Sidney", 23);
INSERT INTO users (id, name, age) VALUES (19, "Sam", 23);
INSERT INTO users (id, name, age) VALUES (20, "Jeffrey", 22);

INSERT INTO pledges (id, amount, user_id, project_id) VALUES (1, 100, 13, 6);
INSERT INTO pledges (id, amount, user_id, project_id) VALUES (2, 10, 6, 1);
INSERT INTO pledges (id, amount, user_id, project_id) VALUES (3, 25, 8, 10);
INSERT INTO pledges (id, amount, user_id, project_id) VALUES (4, 20, 5, 10);
INSERT INTO pledges (id, amount, user_id, project_id) VALUES (5, 10, 13, 9);
INSERT INTO pledges (id, amount, user_id, project_id) VALUES (6, 5, 17, 2);
INSERT INTO pledges (id, amount, user_id, project_id) VALUES (7, 75, 19, 4);
INSERT INTO pledges (id, amount, user_id, project_id) VALUES (8, 10, 18, 1);
INSERT INTO pledges (id, amount, user_id, project_id) VALUES (9, 200, 20, 3);
INSERT INTO pledges (id, amount, user_id, project_id) VALUES (10, 15, 16, 5);
INSERT INTO pledges (id, amount, user_id, project_id) VALUES (11, 10, 9, 7);
INSERT INTO pledges (id, amount, user_id, project_id) VALUES (12, 20, 7, 10);
INSERT INTO pledges (id, amount, user_id, project_id) VALUES (13, 250, 20, 3);
INSERT INTO pledges (id, amount, user_id, project_id) VALUES (14, 20, 1, 5);
INSERT INTO pledges (id, amount, user_id, project_id) VALUES (15, 10, 6, 1);
INSERT INTO pledges (id, amount, user_id, project_id) VALUES (16, 30, 18, 3);
INSERT INTO pledges (id, amount, user_id, project_id) VALUES (17, 5, 20, 6);
INSERT INTO pledges (id, amount, user_id, project_id) VALUES (18, 15, 11, 8);
INSERT INTO pledges (id, amount, user_id, project_id) VALUES (19, 50, 12, 3);
INSERT INTO pledges (id, amount, user_id, project_id) VALUES (20, 25, 17, 3);
INSERT INTO pledges (id, amount, user_id, project_id) VALUES (21, 10, 19, 3);
INSERT INTO pledges (id, amount, user_id, project_id) VALUES (22, 50, 8, 3);
INSERT INTO pledges (id, amount, user_id, project_id) VALUES (23, 5, 14, 7);
INSERT INTO pledges (id, amount, user_id, project_id) VALUES (24, 25, 7, 9);
INSERT INTO pledges (id, amount, user_id, project_id) VALUES (25, 40, 12, 4);
INSERT INTO pledges (id, amount, user_id, project_id) VALUES (26, 10, 14, 2);
INSERT INTO pledges (id, amount, user_id, project_id) VALUES (27, 125, 20, 3);
INSERT INTO pledges (id, amount, user_id, project_id) VALUES (28, 20, 2, 3);
INSERT INTO pledges (id, amount, user_id, project_id) VALUES (29, 15, 8, 9);
INSERT INTO pledges (id, amount, user_id, project_id) VALUES (30, 5, 17, 2);